map_h,map_w,risk1,risk2,risk3
0,4,0.5,0,0
0,5,0.5,0,0
0,6,0.5,0,0
0,22,1,0,0
0,36,0.5,0.25,0
0,47,0.750048,0.25,0.147456
0,65,0.469822,0.25,0.726213
0,66,0.432079,0.25,0.625305
0,67,0.41114,0.25,0.526117
0,68,0.432909,0.25,0.500171
1,5,0.500053,0,0
1,6,0.500132,0,0
1,22,1,0,0
1,36,0.5,0.25,0
1,47,0.754633,0.25,0.0701049
1,65,0.379919,0.250003,0.666904
1,66,0.315983,0.250007,0.565645
1,67,0.313004,0.250013,0.509154
1,68,0.322202,0.250058,0.498865
2,5,0.518369,0,0
2,6,0.519878,0,0
2,7,0.511358,0,0
2,22,1,0,0
2,36,0.499577,0.25,0
2,47,0.78533,0.250094,0.021485
2,65,0.28112,0.251383,0.599557
2,66,0.246377,0.251552,0.538132
2,67,0.230966,0.255279,0.506587
2,68,0.233805,0.260024,0.496533
3,6,0.589365,0,0
3,7,0.588023,0,0
3,8,0.558529,0,0
3,21,1,0,0
3,22,0.999413,0,0
3,36,0.424348,0.25,0
3,47,0.850965,0.281817,9.89863e-05
3,66,0.192191,0.269442,0.562801
3,67,0.171735,0.289551,0.525
3,68,0.158123,0.316938,0.492139
4,6,0.717237,0,0
4,7,0.703453,0,0
4,8,0.716018,0,0
4,21,0.999973,0,0
4,22,0.988356,0,0
4,36,0.28578,0.25008,0
4,47,0.96111,0.39821,2.68102e-06
4,66,0.0656616,0.403559,0.699212
4,67,0.0663661,0.418573,0.57994
4,68,0.04091,0.474425,0.461688
5,7,0.74974,0,0
5,8,0.749933,0,0
5,23,0.825018,0,0
5,24,0.754305,0,0
5,25,0.75001,0,0
5,26,0.75,0.000125479,0
5,27,0.75,0.054418,0
5,28,0.75,0.219902,0
5,29,0.75,0.272387,0
5,30,0.75,0.335382,0
5,31,0.749968,0.37038,0
5,32,0.737683,0.430175,0
5,33,0.350096,0.300669,0
5,34,0.250079,0.258721,0
5,35,0.250039,0.266111,0
5,36,0.25023,0.266476,0
5,48,0.999911,0.538717,7.14146e-05
5,66,0.0617883,0.605817,0.845869
5,67,0.0349525,0.596014,0.657741
5,68,0.051832,0.589776,0.479268
5,69,0.0686586,0.578635,0.398264
6,7,0.75,0,0
6,8,0.75,0,0
6,31,0.749992,0.393806,0
6,32,0.744542,0.467888,0
6,33,0.469223,0.387272,0
6,34,0.250482,0.307975,0
6,35,0.250259,0.311001,0
6,36,0.250435,0.312622,0
6,37,0.306613,0.356176,0
6,38,0.466132,0.474935,0
6,39,0.499916,0.499938,0
6,40,0.5,0.5,0
6,48,0.999138,0.648642,0.00111727
6,66,0.174945,0.714237,0.909418
6,67,0.139432,0.686515,0.711936
6,68,0.149332,0.628363,0.524178
6,69,0.157313,0.589838,0.441244
7,7,0.75,0,0
7,8,0.749252,0,0
7,9,0.729785,0,0
7,35,0.329957,0.511239,0
7,36,0.327221,0.509773,0
7,41,0.5,0.5,0
7,42,0.499717,0.499853,0.000282602
7,43,0.448638,0.473297,0.0513963
7,44,0.317026,0.405924,0.189668
7,45,0.279505,0.389397,0.248453
7,46,0.625236,0.561191,0.13011
7,47,0.935649,0.700752,0.0239735
7,48,0.997751,0.734921,0.00282816
7,49,0.999989,0.789053,0.0222477
7,50,1,0.880773,0.131188
7,51,1,0.981422,0.470534
7,52,0.999883,0.996454,0.680963
7,53,0.980951,0.996808,0.796255
7,54,0.94207,0.98996,0.817332
7,55,0.85591,0.90714,0.811479
7,56,0.769595,0.802498,0.762965
7,57,0.752178,0.762824,0.765978
7,58,0.75001,0.771724,0.818566
7,59,0.749817,0.851486,0.923057
7,60,0.710115,0.920665,0.999494
7,61,0.595326,0.980506,1
7,62,0.444036,0.999477,1
7,63,0.348824,0.936933,1
7,64,0.267132,0.834466,0.999915
7,65,0.224212,0.769919,0.981023
7,66,0.229218,0.745647,0.907244
7,67,0.247576,0.713684,0.740678
7,68,0.259736,0.62942,0.566253
7,69,0.276384,0.574948,0.49026
8,8,0.716429,0,0
8,9,0.64639,0,0
8,10,0.583038,0,0
8,35,0.445292,0.695122,0
8,36,0.444204,0.694027,0
8,50,1,0.96403,0.0617
8,66,0.32777,0.74513,0.863058
8,67,0.378641,0.713868,0.709885
8,68,0.396666,0.620273,0.589997
8,69,0.394659,0.549414,0.517642
9,9,0.551689,0,0
9,10,0.509892,0,0
9,35,0.480702,0.736046,0
9,36,0.483199,0.735772,0
9,49,0.982238,0.972048,0.00107694
9,50,0.999025,0.996877,0.0129745
9,66,0.406915,0.688369,0.812336
9,67,0.455558,0.662854,0.704311
9,68,0.499362,0.592255,0.601228
9,69,0.516452,0.510796,0.534467
10,9,0.479272,0,0
10,10,0.47152,0,0
10,11,0.483445,0,0
10,35,0.435391,0.749941,0
10,48,0.860792,0.9997,0
10,49,0.899583,0.999943,1.36781e-06
10,66,0.369501,0.579792,0.864201
10,67,0.447131,0.572767,0.779478
10,68,0.571703,0.499384,0.605963
10,69,0.630874,0.416582,0.524756
11,9,0.360485,0,0
11,10,0.393273,0,0
11,11,0.407379,0,0
11,35,0.302372,0.750157,0
11,48,0.770213,0.999957,0
11,49,0.795221,1,0
11,66,0.326784,0.430651,0.912262
11,67,0.446635,0.417801,0.823895
11,68,0.641309,0.34546,0.650513
11,69,0.775691,0.312469,0.551643
12,10,0.282592,0,0
12,11,0.301495,0,0
12,34,0.250047,0.802711,0
12,35,0.250243,0.789533,0
12,48,0.750048,0.982865,0
12,49,0.750287,0.9991,0
12,66,0.373604,0.356631,0.921719
12,67,0.524698,0.318148,0.833669
12,68,0.713573,0.272124,0.690243
12,69,0.843548,0.262298,0.636737
12,70,0.911496,0.258115,0.612507
13,10,0.250087,0,0
13,11,0.250339,0,0
13,34,0.25003,0.892491,0
13,35,0.250128,0.871408,0
13,48,0.75,0.893814,0
13,66,0.476671,0.277343,0.921339
13,67,0.592902,0.261818,0.849846
13,68,0.743169,0.255535,0.765868
13,69,0.872386,0.254947,0.715646
13,70,0.952368,0.255055,0.71681
14,11,0.25,0,0
14,12,0.25,0,0
14,34,0.265735,0.974528,0
14,35,0.278197,0.954468,0
14,47,0.75,0.760211,0
14,66,0.525382,0.25031,0.969291
14,67,0.630244,0.25007,0.909251
14,68,0.751207,0.250785,0.868477
14,69,0.889363,0.25272,0.865367
14,70,0.974761,0.254285,0.866577
15,11,0.25,0,0
15,12,0.25,0,0
15,13,0.25,0,0
15,34,0.337277,0.999944,0
15,35,0.362065,0.999764,0
15,47,0.75,0.729922,0
15,66,0.532817,0.277365,0.998934
15,67,0.61079,0.270591,0.981325
15,68,0.763536,0.27454,0.957296
15,69,0.902852,0.268413,0.970567
15,70,0.972989,0.272946,0.966856
16,12,0.25,0,0
16,13,0.25,0,0
16,34,0.447345,0.99974,0
16,35,0.462216,0.999947,0
16,46,0.749971,0.583285,0
16,47,0.75,0.624284,0
16,66,0.522298,0.388669,1
16,67,0.606581,0.379047,0.999959
16,68,0.754442,0.371127,0.999765
16,69,0.884179,0.356106,0.999934
16,70,0.965084,0.338873,0.999832
17,12,0.25,0,0
17,13,0.25,0,0
17,34,0.54827,0.951459,0
17,35,0.522643,0.977196,0
17,46,0.73554,0.49786,0
17,66,0.516739,0.480877,1
17,67,0.568486,0.482975,0.999993
17,68,0.702556,0.475429,0.999956
17,69,0.828036,0.474354,0.999991
17,70,0.882466,0.463093,1
18,12,0.25,0,0
18,13,0.25,0,0
18,14,0.25,0,0
18,34,0.652509,0.847493,0
18,35,0.616891,0.883121,0
18,46,0.664353,0.414377,0
18,66,0.508691,0.500283,0.99973
18,67,0.557668,0.502924,0.997084
18,68,0.665559,0.514114,0.992312
18,69,0.7692,0.553059,0.996145
18,70,0.778341,0.583215,0.999815
19,13,0.250008,0,0
19,14,0.250063,0,0
19,15,0.25024,0,0
19,34,0.730636,0.770915,0
19,35,0.711186,0.792026,0
19,45,0.522047,0.272047,0
19,56,1,1,0.00979242
19,66,0.526897,0.557506,0.969282
19,67,0.536409,0.565894,0.956169
19,68,0.619213,0.611445,0.946658
19,69,0.637519,0.666479,0.973571
19,70,0.639464,0.680593,0.995968
20,13,0.253878,0,0
20,14,0.266728,0,0
20,15,0.290499,0,0
20,34,0.781547,0.750054,0
20,35,0.810374,0.750271,0
20,45,0.500058,0.250058,0
20,56,1,1,0.0779681
20,57,1,1,0.15679
20,67,0.586151,0.880613,0.793199
20,68,0.534741,0.878727,0.824925
20,69,0.532997,0.819037,0.923319
20,70,0.520599,0.808482,0.983685
21,14,0.33299,0,0
21,15,0.390247,0,0
21,34,0.916568,0.749866,0
21,35,0.958623,0.74997,0
21,49,0.5,0.250041,0.249959
21,57,1,0.998792,0.233171
21,58,1,0.972907,0.249266
21,66,0.711135,0.9944,0.67712
21,67,0.581594,0.983919,0.734428
21,68,0.505858,0.967663,0.780788
21,69,0.451208,0.932118,0.870412
21,70,0.419681,0.897822,0.955156
22,14,0.462763,0,0
22,15,0.520362,0,0
22,16,0.523269,0,0
22,34,0.999471,0.723404,0
22,35,0.999887,0.737321,0
22,48,0.5,0.250991,0.249009
22,49,0.5,0.266632,0.233368
22,57,1,0.969397,0.249956
22,58,1,0.886904,0.25
22,64,0.958131,0.945691,0.516035
22,65,0.850032,0.993526,0.55711
22,66,0.718094,0.999859,0.611143
22,67,0.598831,0.997799,0.671693
22,68,0.484147,0.994097,0.751757
22,69,0.405604,0.987662,0.835028
22,70,0.343179,0.968349,0.901292
23,14,0.628419,0,0
23,15,0.614372,0,0
23,16,0.638202,0,0
23,34,0.995754,0.657567,0
23,41,1,0.25,0
23,42,1,0.249966,0
23,49,0.5,0.386411,0.113589
23,50,0.5,0.437338,0.0626765
23,58,0.999819,0.801008,0.25
23,59,0.999961,0.765095,0.250059
23,62,1,0.622795,0.499756
23,63,0.999748,0.756429,0.5
23,64,0.952422,0.906347,0.500625
23,65,0.83405,0.985222,0.511776
23,66,0.678439,0.999925,0.545174
23,67,0.587629,0.999994,0.605981
23,68,0.474465,0.999972,0.671529
23,69,0.349169,0.999921,0.767012
23,70,0.260947,0.983442,0.841788
23,71,0.231577,0.915055,0.86871
23,72,0.223537,0.820948,0.842778
23,82,0,0.000731572,0.720296
23,83,0,0.00415636,0.609793
23,84,0,0.00972381,0.497978
24,15,0.737872,0,0
24,16,0.834315,0,0
24,17,0.929248,0,0
24,34,0.962067,0.517408,0
24,41,1,0.249314,0
24,42,1,0.23524,0
24,50,0.5,0.506838,0.00186607
24,51,0.5,0.551014,6.7753e-05
24,59,0.984441,0.764351,0.250262
24,60,0.999332,0.68719,0.293662
24,61,1,0.560219,0.409053
24,62,1,0.563008,0.478697
24,63,0.999928,0.622385,0.499093
24,67,0.574713,1,0.528737
24,68,0.385214,1,0.569906
24,69,0.277615,0.999302,0.61608
24,70,0.231077,0.963812,0.668698
24,71,0.224533,0.868049,0.737679
24,72,0.225917,0.786786,0.771973
24,80,0.000538105,0.00383165,0.956574
24,81,0,0.000108139,0.87159
24,82,0,0.00360861,0.724682
24,84,0,0.0198692,0.408724
25,16,0.918915,0,0
25,17,0.981245,0,0
25,34,0.684826,0.184912,0
25,42,1,0.121667,0
25,50,0.5,0.567345,3.49341e-06
25,51,0.5,0.663125,0
25,59,0.895341,0.800213,0.250047
25,60,0.967939,0.643974,0.269848
25,61,0.998991,0.518035,0.356569
25,62,0.999968,0.510184,0.398507
25,67,0.427615,1,0.482746
25,68,0.296484,0.999947,0.486908
25,69,0.237041,0.984096,0.531403
25,70,0.231269,0.920882,0.553695
25,72,0.243144,0.733369,0.623
25,79,0.0636956,0.0855802,0.999973
25,80,0.0126043,0.0308823,0.987485
25,81,2.98615e-05,0.00333378,0.919508
25,84,0,0.0266127,0.276719
26,16,0.978758,0,0
26,17,0.999183,0,0
26,18,1,0,0
26,34,0.529027,0.0290267,0
26,43,1,0.00622449,0
26,51,0.5,0.737654,0
26,52,0.5,0.75247,7.33375e-06
26,57,0.699533,0.967198,0.25
26,58,0.761166,0.87149,0.25
26,59,0.810687,0.795732,0.25
26,60,0.875919,0.650882,0.25077
26,61,0.944205,0.524654,0.274517
26,68,0.218169,0.993489,0.407211
26,69,0.216209,0.95882,0.438501
26,70,0.235085,0.888973,0.492279
26,71,0.253922,0.782861,0.510777
26,73,0.249803,0.580136,0.637192
26,77,0.241777,0.250003,0.858815
26,78,0.190733,0.229065,0.962909
26,79,0.111699,0.144381,0.999928
26,85,8.06353e-06,0.0133485,0.0842704
26,86,4.71947e-05,0.00318717,0.0201334
27,16,0.999887,0,0
27,17,1,0,0
27,18,1,0,0
27,34,0.501745,0.00169364,0
27,43,1,9.55074e-06,0
27,52,0.498992,0.766239,3.20106e-05
27,55,0.467065,0.999677,0.210246
27,56,0.526472,0.999711,0.248814
27,57,0.616346,0.961734,0.25
27,58,0.707269,0.881263,0.25
27,59,0.763286,0.795596,0.25
27,60,0.827391,0.621212,0.25
27,61,0.864947,0.535511,0.250045
27,68,0.182039,0.948607,0.303905
27,69,0.203913,0.923692,0.343213
27,70,0.271182,0.816104,0.391556
27,71,0.326882,0.748675,0.412565
27,73,0.278239,0.536845,0.658093
27,74,0.282946,0.438395,0.720852
27,76,0.251063,0.282889,0.765277
27,77,0.246224,0.250163,0.829085
27,85,0.00544575,0.00448473,0.0317135
27,86,0.00964994,0.000726253,0.0106504
28,17,0.999952,0,0
28,18,0.999839,0,0
28,19,0.999906,0,0
28,34,0.515513,8.70532e-06,0
28,44,0.999006,0,0
28,52,0.513925,0.780864,8.36303e-06
28,53,0.37486,0.898572,0.00291852
28,54,0.34111,0.983368,0.0566279
28,55,0.396736,0.999935,0.142151
28,56,0.477759,0.999942,0.225265
28,57,0.544086,0.97597,0.249938
28,61,0.789955,0.520715,0.25
28,68,0.213707,0.905663,0.274136
28,69,0.280423,0.858719,0.293506
28,70,0.398416,0.76898,0.289272
28,71,0.434765,0.749795,0.299136
28,74,0.360338,0.461421,0.7448
28,75,0.325133,0.372793,0.749781
28,86,0.0770566,0.0045233,0.0769763
29,17,0.964809,0,0
29,18,0.963123,0,0
29,19,0.97067,0,0
29,34,0.606551,0,0
29,35,0.642213,0,0
29,44,0.959866,0,0
29,45,0.916907,0,0
29,52,0.684182,0.696937,0
29,53,0.351928,0.915165,0.000179239
29,54,0.289623,0.963736,0.0237999
29,55,0.354292,0.986534,0.102087
29,56,0.446302,0.999173,0.19629
29,61,0.709795,0.501028,0.25
29,62,0.612616,0.499991,0.25
29,68,0.360115,0.805719,0.377224
29,69,0.430286,0.769514,0.373152
29,70,0.486669,0.75026,0.334783
29,71,0.524041,0.730559,0.298784
29,74,0.458934,0.42621,0.740678
29,75,0.451042,0.380273,0.735432
29,86,0.299958,0.0115036,0.250097
29,87,0.34286,0.00919361,0.249576
30,18,0.81471,0,0
30,19,0.826243,0,0
30,34,0.717169,0,0
30,35,0.73325,0,0
30,44,0.809352,0,0
30,45,0.776622,0,0
30,50,0.964651,0.47285,0
30,51,0.951444,0.50175,0
30,52,0.778576,0.591591,0
30,53,0.393712,0.807513,0
30,54,0.262511,0.875235,0.000779989
30,62,0.564237,0.496253,0.250016
30,63,0.520343,0.490827,0.250426
30,68,0.604559,0.709859,0.542868
30,69,0.578724,0.74921,0.484392
30,70,0.580449,0.736384,0.420055
30,71,0.621522,0.678482,0.394956
30,72,0.630345,0.616978,0.40983
30,75,0.499921,0.346723,0.670495
30,85,0.425506,0.00438202,0.399782
30,86,0.412132,0.00516869,0.275764
30,87,0.433935,0.00388619,0.250061
30,88,0.481395,0.00109443,0.25
31,18,0.750901,0,0
31,19,0.751584,0,0
31,20,0.751085,0,0
31,34,0.749771,0,0
31,35,0.749955,0,0
31,45,0.727274,3.81875e-06,0
31,49,0.80075,0.300839,0
31,50,0.877964,0.390414,0
31,51,0.915735,0.481498,0
31,52,0.757087,0.563977,0
31,53,0.399405,0.702344,0
31,54,0.272975,0.735062,4.54612e-05
31,62,0.542426,0.470944,0.25053
31,63,0.533835,0.467304,0.252952
31,68,0.802535,0.631359,0.662324
31,69,0.684337,0.726606,0.585672
31,70,0.664719,0.71686,0.536486
31,71,0.703975,0.630574,0.494962
31,72,0.7268,0.552754,0.522309
31,75,0.500259,0.269283,0.513921
31,84,0.499522,2.81328e-05,0.499281
31,85,0.48779,0.00072296,0.433689
31,87,0.48936,0.000630186,0.250315
31,88,0.499504,3.01023e-05,0.250008
32,19,0.750007,0,0
32,20,0.750002,0,0
32,34,0.75,0,0
32,35,0.75,0,0
32,46,0.683601,0.00365966,0
32,47,0.711401,0.108318,0
32,48,0.748811,0.249261,0
32,49,0.756217,0.256375,0
32,50,0.78824,0.296895,0
32,54,0.26292,0.643231,0.0213178
32,55,0.250034,0.612486,0.0464486
32,63,0.668429,0.380634,0.283815
32,64,0.83085,0.30625,0.387756
32,66,0.998976,0.426458,0.676304
32,67,0.977319,0.508331,0.735624
32,68,0.909893,0.601855,0.752139
32,69,0.821992,0.703684,0.722262
32,70,0.766676,0.712611,0.666438
32,71,0.751219,0.585083,0.615424
32,72,0.75001,0.514625,0.621167
32,76,0.500146,0.249901,0.319949
32,81,0.537062,0.0370624,0.462938
32,82,0.500098,6.07613e-05,0.499977
32,83,0.500121,0,0.500121
32,87,0.527395,1.44608e-06,0.276885
32,88,0.504547,0,0.253052
33,20,0.75,0,0
33,21,0.75,0,0
33,35,0.75,0,0
33,36,0.75,0,0
33,44,0.368583,0,0
33,45,0.540105,5.40953e-06,0
33,46,0.570605,0.00362271,0
33,47,0.501344,0.0743755,0
33,48,0.559741,0.154721,0
33,55,0.25,0.51858,0.148126
33,56,0.25,0.467233,0.139215
33,63,0.923378,0.250843,0.322424
33,64,0.952951,0.250257,0.424306
33,65,0.987952,0.297829,0.53526
33,66,0.999507,0.399836,0.649793
33,68,0.961457,0.649341,0.861664
33,69,0.93034,0.729089,0.903841
33,70,0.895109,0.71854,0.866313
33,71,0.816908,0.601079,0.759236
33,72,0.770538,0.524765,0.703836
33,76,0.541896,0.20835,0.258859
33,77,0.606591,0.177924,0.250327
33,79,0.749872,0.246639,0.25052
33,80,0.728346,0.228243,0.271808
33,81,0.583932,0.0828321,0.418268
33,85,0.695121,0,0.491603
33,86,0.687236,0,0.437599
33,87,0.639557,0,0.38662
33,88,0.615325,0,0.358805
34,20,0.75,0,0
34,21,0.75,0,0
34,36,0.749361,0,0
34,43,0.258915,0,0
34,44,0.298873,0,0
34,45,0.379793,0,0
34,46,0.437782,0.000213618,0
34,47,0.281062,0.00410054,0
34,55,0.25,0.46676,0.188166
34,56,0.25,0.377993,0.118682
34,62,0.95171,0.25,0.217526
34,63,0.969969,0.25,0.295816
34,64,0.987913,0.25,0.424218
34,69,0.976148,0.751745,0.965549
34,70,0.97224,0.736881,0.915078
34,71,0.903945,0.659498,0.815005
34,72,0.84842,0.599303,0.753139
34,77,0.696339,0.0670465,0.250698
34,78,0.749116,0.0845952,0.267283
34,79,0.781123,0.167553,0.312326
34,80,0.774508,0.22284,0.302745
34,84,0.727306,0,0.637481
34,85,0.748862,0,0.520261
34,86,0.743165,0,0.493699
34,88,0.861807,0,0.605729
35,20,0.75,0,0
35,21,0.75,0,0
35,22,0.75,0,0
35,36,0.736877,0,0
35,37,0.690388,0,0
35,41,0.250012,0,0
35,42,0.25,0,0
35,43,0.250358,0,0
35,44,0.261857,0,0
35,45,0.335891,0,0
35,48,0.250096,4.77884e-05,0
35,56,0.250001,0.304176,0.0831766
35,57,0.250965,0.2516,0.0215676
35,60,0.758199,0.25,0.0173587
35,61,0.830822,0.25,0.0819873
35,69,0.98998,0.813231,0.975746
35,70,0.993272,0.782462,0.916408
35,71,0.97288,0.708946,0.783003
35,72,0.945358,0.641145,0.697179
35,76,0.793646,0.0163183,0.250037
35,77,0.757236,0.0100322,0.26788
35,78,0.794247,0.0138314,0.339287
35,82,0.762377,0,0.76233
35,83,0.750205,0,0.750162
35,84,0.74975,0,0.717192
35,88,0.954328,0,0.704309
35,89,0.999812,0,0.744095
36,20,0.75,0,0
36,21,0.75,0,0
36,22,0.75,0,0
36,37,0.637866,0,0
36,38,0.490122,0,0
36,40,0.26043,0,0
36,41,0.250051,0,0
36,42,0.25,0,0
36,43,0.25,0,0
36,48,0.25,0,0
36,49,0.250017,0,0
36,57,0.250964,0.133291,0.000651073
36,59,0.599968,0.245197,0
36,60,0.739066,0.249927,0.000878798
36,69,0.969832,0.940872,0.988342
36,70,0.976069,0.891745,0.91614
36,71,0.993439,0.698285,0.700835
36,72,0.99972,0.567732,0.568324
36,75,0.978137,0.00344611,0.250024
36,76,0.901747,7.12454e-05,0.250123
36,77,0.813874,2.09537e-05,0.285903
36,78,0.835528,3.63776e-05,0.444256
36,79,0.950772,0.000265731,0.74531
36,81,0.92417,0,0.874751
36,82,0.804746,0,0.805461
36,83,0.742878,0,0.760188
36,87,0.766298,0,0.937269
36,88,0.920327,0,0.823592
36,89,0.999786,0,0.749092
37,21,0.750034,0,0
37,22,0.75,0,0
37,23,0.750738,0,0
37,37,0.533593,0,0
37,38,0.470552,0,0
37,39,0.348437,0,0
37,40,0.267376,0,0
37,41,0.250044,0,0
37,42,0.25,0,0
37,49,0.260864,0,0
37,56,0.250001,0.0195764,3.70968e-05
37,57,0.250391,0.0349275,0
37,58,0.254834,0.0326551,0
37,69,0.963216,0.998832,0.98153
37,70,0.966186,0.93755,0.937127
37,71,0.986096,0.690965,0.696723
37,72,0.999898,0.455857,0.472221
37,73,1,0.255462,0.36099
37,74,1,0.0601885,0.269299
37,75,0.999022,0.00726755,0.250168
37,78,0.963491,0,0.830872
37,79,0.998725,0,0.937909
37,80,0.999977,0,0.952885
37,81,0.972739,0,0.956975
37,85,0.70104,0,0.944697
37,86,0.73814,0,0.989916
37,89,0.99882,0,0.751176
37,90,1,0,0.75
38,0,0.5,0,0
38,1,0.5,0,0
38,2,0.5,0,0
38,3,0.5,0,0
38,4,0.500461,0,0
38,21,0.767682,0,0
38,22,0.750626,0,0
38,23,0.764868,0,0
38,24,0.854464,0,0
38,37,0.533934,0,0
38,38,0.493574,0,0
38,39,0.430256,0,0
38,40,0.310416,0,0
38,49,0.352419,0,0
38,50,0.422893,0,0
38,55,0.25,0,0
38,56,0.25,4.14014e-05,0
38,57,0.250651,0.000245012,0
38,58,0.26998,0.000689741,0
38,69,0.972392,0.989618,0.919657
38,70,0.967573,0.923917,0.9289
38,71,0.990086,0.558113,0.621272
38,72,0.999978,0.384775,0.459875
38,73,1,0.235852,0.41528
38,74,1,0.0425465,0.317385
38,79,1,0,0.983188
38,80,0.999863,0,0.992663
38,84,0.535148,0,0.779731
38,85,0.657247,0,0.909683
38,89,0.999872,0,0.750128
38,90,1,0,0.75
39,5,0.920829,0,0
39,6,0.99993,0,0
39,7,1,0,0
39,8,1,0,0
39,9,1,0,0
39,10,1,0,0
39,11,1,0,0
39,12,1,0,0
39,13,1,0,0
39,14,1,0,0
39,15,1,0,0
39,16,1,0,0
39,17,1,0,0
39,18,0.999987,0,0
39,23,0.79654,0,0
39,24,0.927723,0,0
39,25,0.992308,0,0
39,26,0.999982,0,0
39,34,0.999963,0,0
39,35,0.986465,0,0
39,36,0.869557,0,0
39,37,0.605089,0,0
39,38,0.50334,0,0
39,50,0.488788,0,0
39,51,0.499141,0,0
39,53,0.28317,0,0
39,54,0.250189,0,0
39,59,0.456963,9.13899e-06,0
39,68,0.992288,0.979546,0.795796
39,69,0.987796,0.897204,0.824119
39,70,0.989692,0.629878,0.793615
39,71,0.999391,0.225446,0.626235
39,72,1,0.173092,0.51604
39,73,1,0.0637759,0.489777
39,80,0.99942,0,0.999694
39,81,0.870429,0,0.935232
39,82,0.571814,0,0.786006
39,83,0.500396,0,0.75066
39,89,0.999963,0,0.749963
39,90,0.999844,0,0.749844
40,5,0.920465,0,0
40,6,0.998872,0,0
40,18,1,0,0
40,19,0.99986,0,0
40,20,0.994912,0,0
40,21,0.954995,0,0
40,22,0.844238,0,0
40,25,0.999691,0,0
40,26,1,0,0
40,27,1,0,0
40,28,0.999928,0,0
40,32,0.810098,0,0
40,33,0.966441,0,0
40,34,0.999409,0,0
40,35,0.999455,0,0
40,36,0.971705,0,0
40,50,0.510751,0,0
40,51,0.517527,0,0
40,52,0.507932,0,0
40,59,0.49796,0,3.56612e-05
40,65,0.480196,0.480196,0.480038
40,66,0.612263,0.612263,0.555752
40,67,0.910461,0.910059,0.70523
40,70,0.999979,0.1777,0.742976
40,71,1,0.0604584,0.711094
40,72,1,0.0373957,0.628645
40,73,1,0.0195658,0.528626
40,74,1,0.00415306,0.500987
40,80,0.9972,0,0.998556
40,81,0.865389,0,0.942055
40,90,0.968988,0,0.719006
41,5,0.754669,0,0
41,6,0.922691,0,0
41,26,0.997037,0,0
41,27,0.999255,0,0
41,28,0.999648,0,0
41,29,0.932168,0,0
41,31,0.75047,0,0
41,32,0.755561,0,0
41,33,0.848565,0,0
41,34,0.980748,0,0
41,35,0.998742,0,0
41,50,0.59902,0,0
41,51,0.622264,0,0
41,59,0.499998,0,0.0140371
41,60,0.499979,2.05606e-05,0.0313001
41,64,0.355529,0.355529,0.355529
41,65,0.41074,0.41074,0.41074
41,66,0.482637,0.482637,0.479099
41,70,1,0.0293105,0.749818
41,71,1,0.0159196,0.744499
41,72,0.999989,0.00743243,0.712526
41,73,0.999917,0.00287209,0.617453
41,74,0.999766,0.000185619,0.524819
41,79,0.93365,0,0.867607
41,80,0.923372,0,0.960396
41,81,0.623447,0,0.873893
41,90,0.824952,0,0.58575
42,4,0.75,0,0
42,5,0.75,0,0
42,28,0.990958,0,0
42,29,0.980876,0,0
42,30,0.871354,0,0
42,31,0.760911,0,0
42,32,0.745965,0,0
42,33,0.76166,0,0
42,48,0.74905,0,0
42,49,0.733379,0,0
42,52,0.815453,0,0
42,60,0.498392,0.000105205,0.134707
42,61,0.418544,0.0293709,0.222337
42,62,0.274718,0.123971,0.249939
42,63,0.251077,0.202954,0.251017
42,64,0.27735,0.275039,0.27735
42,71,0.999583,0.00243287,0.750089
42,72,0.994947,0.000141142,0.746019
42,73,0.97444,8.75158e-06,0.715624
42,74,0.924964,0,0.650456
42,77,0.750002,0,0.501066
42,78,0.751514,0,0.503028
42,79,0.807305,0,0.617122
42,82,0.252077,0,0.750715
42,83,0.250291,0,0.750231
42,90,0.682014,0,0.499032
42,91,0.621225,0,0.461788
43,4,0.75,0,0
43,28,0.941582,0,0
43,29,0.997635,0,0
43,30,0.971006,0,0
43,31,0.825324,0,0
43,32,0.706198,0,0
43,33,0.590771,0,0
43,47,0.694466,0,0
43,48,0.738015,0,0
43,52,0.920077,0,0
43,60,0.468252,2.14482e-05,0.234081
43,61,0.352714,0.00714392,0.249423
43,62,0.276693,0.0462384,0.25
43,63,0.250158,0.0997102,0.25
43,71,0.951619,6.50045e-06,0.793591
43,72,0.944143,0,0.771281
43,73,0.881005,0,0.750826
43,74,0.777285,0,0.748714
43,76,0.750024,0,0.621246
43,77,0.75,0,0.523548
43,82,0.25,0,0.770333
43,83,0.25,0,0.796051
43,89,0.571575,0,0.499926
43,90,0.588655,0,0.470211
43,91,0.311228,0,0.359405
44,3,0.75,0,0
44,4,0.75,0,0
44,26,0.500352,0,0
44,27,0.639281,0,0
44,28,0.907678,0,0
44,29,0.999332,0,0
44,31,0.893877,0,0
44,32,0.574689,0,0
44,33,0.437119,0,0
44,34,0.324213,0,0
44,35,0.269071,0,0
44,46,0.521958,0,0
44,47,0.595893,0,0
44,53,0.990058,0,0
44,59,0.518483,0,0.249795
44,60,0.442184,0,0.249965
44,61,0.337781,0.000284942,0.25
44,62,0.26452,0.00823497,0.25
44,71,0.808839,0,0.928892
44,72,0.805356,0,0.884556
44,73,0.776266,0,0.78572
44,74,0.750976,0,0.750178
44,75,0.749873,0,0.743082
44,83,0.25,0,0.941013
44,87,0.254759,0,0.500087
44,88,0.27708,0,0.5
44,89,0.371208,0,0.499593
44,91,0.0608235,0,0.272738
44,92,0.00196336,0,0.25074
45,3,0.75,0,0
45,25,0.402532,0,0
45,26,0.464765,0,0
45,27,0.544502,0,0
45,28,0.893298,0,0
45,31,0.791323,0,0
45,33,0.447056,0,0
45,34,0.344309,0,0
45,35,0.278792,0,0
45,36,0.25019,0,0
45,46,0.500704,0,0
45,47,0.517889,0,0
45,53,0.999975,0,0
45,54,0.999937,0,6.34143e-05
45,57,0.760544,0,0.214833
45,58,0.643924,0,0.248766
45,59,0.553713,0,0.25
45,62,0.25056,1.62491e-05,0.25
45,71,0.731033,0,0.992861
45,72,0.703634,0,0.960723
45,73,0.68615,0,0.87544
45,74,0.712263,0,0.788127
45,75,0.707955,0,0.791745
45,83,0.25,0,0.999022
45,84,0.250024,0,0.999229
45,87,0.250213,0,0.500421
45,88,0.255482,0,0.5
45,92,0,0,0.27867
46,2,0.749876,0,0
46,3,0.75,0,0
46,23,0.250074,0,0
46,24,0.251078,0,0
46,25,0.283211,0,0
46,26,0.328812,0,0
46,30,0.817227,0,0
46,31,0.729767,0,0
46,36,0.25008,0,0
46,37,0.25,0,0
46,38,0.25,0,0
46,39,0.25,0,0
46,46,0.5,0,0
46,53,0.99988,0,0
46,54,0.999946,0,2.56572e-05
46,55,0.98924,0,0.0107601
46,56,0.933062,0,0.0669375
46,57,0.887164,0,0.112183
46,62,0.25,0,0.25
46,63,0.25,0,0.25
46,71,0.657019,0,0.997972
46,72,0.603064,0,0.995533
46,73,0.544261,0,0.979099
46,74,0.54527,0,0.954806
46,75,0.540914,0,0.959086
46,84,0.260803,0,0.978332
46,85,0.283715,0,0.891992
46,86,0.272357,0,0.596399
46,92,0,0,0.384858
46,93,0,0,0.419627
47,2,0.732848,0,0
47,23,0.264527,0,0
47,24,0.256931,0,0
47,25,0.250597,0,0
47,26,0.250533,0,0
47,27,0.250355,0,0
47,30,0.707191,0,0
47,31,0.748889,0,0
47,37,0.25,0,0
47,38,0.25,0,0
47,39,0.250051,0,0
47,40,0.274668,0,0
47,45,0.500234,0,0
47,46,0.501036,0,0
47,54,0.983938,0,0
47,55,0.999067,0,0.000432821
47,56,0.989041,0,0.0114006
47,62,0.25,0,0.25
47,63,0.25,0.000838813,0.250839
47,71,0.519911,0,0.925774
47,72,0.522667,0,0.998899
47,73,0.501087,0,0.999883
47,74,0.500145,0,0.99969
47,75,0.500131,0,0.999832
47,76,0.499984,0,0.999929
47,84,0.354889,0,0.790222
47,85,0.417103,0,0.663113
47,92,0,0,0.4683
47,93,0,0,0.498357
48,0,0.519509,0,0
48,1,0.58515,0,0
48,22,0.436927,0,0
48,23,0.361826,0,0
48,24,0.334329,0,0
48,28,0.275256,0,0
48,29,0.441532,0,0
48,30,0.649243,0,0
48,31,0.739019,0,0
48,39,0.250284,0,0
48,40,0.298065,0,0
48,41,0.425495,0,0
48,42,0.49308,0,0
48,43,0.499566,0,0
48,44,0.503956,0,0
48,45,0.588008,0,0
48,54,0.886013,0,0
48,55,0.975396,0,2.37686e-05
48,56,0.999339,0,0.0102625
48,57,0.999797,0,0.0584554
48,63,0.25,0.0220171,0.272017
48,64,0.25,0.0978984,0.347898
48,69,0.250036,0,0.500072
48,70,0.26518,0,0.530238
48,71,0.37144,0,0.742209
48,73,0.499971,0,0.984632
48,74,0.5,0,0.968391
48,75,0.499303,0,0.983242
48,76,0.483258,0,0.982506
48,77,0.454641,0,0.954666
48,82,0.25066,0,0.99868
48,83,0.351416,0,0.797168
48,84,0.456598,0,0.583341
48,85,0.491776,0,0.452923
48,86,0.499641,0,0.390127
48,93,0,0,0.574377
49,0,0.500672,0,0
49,1,0.515321,0,0
49,20,0.36642,0,0
49,21,0.477925,0,0
49,22,0.499638,0,0
49,23,0.492871,0,0
49,30,0.563106,0,0
49,31,0.667847,0,0
49,32,0.73932,0,0
49,33,0.749976,0,0
49,42,0.46348,0,0
49,43,0.433477,0,0
49,44,0.549344,0,0
49,45,0.904744,0,0
49,53,0.760188,0,0
49,54,0.794785,0,0
49,57,0.99769,0,0.112319
49,58,0.977416,0,0.235946
49,59,0.911036,0,0.308087
49,64,0.25,0.163645,0.413732
49,65,0.25,0.232269,0.482448
49,68,0.25,0.000163833,0.500012
49,69,0.25,0,0.5
49,70,0.25071,0,0.50142
49,73,0.49978,0,0.86366
49,74,0.499947,0,0.852122
49,75,0.480793,0,0.875277
49,76,0.400649,0,0.881673
49,77,0.335854,0,0.836168
49,80,0.25,0,0.999947
49,81,0.25,0,1
49,82,0.250072,0,0.999855
49,85,0.499971,0,0.331152
49,86,0.5,0,0.303199
49,94,0,0,0.719624
50,0,0.5,0,0
50,19,0.258606,0,0
50,20,0.314064,0,0
50,21,0.445414,0,0
50,22,0.499795,0,0
50,23,0.499987,0,0
50,30,0.509301,0,0
50,31,0.596323,0,0
50,32,0.710859,0,0
50,33,0.749182,0,0
50,34,0.75,0,0
50,35,0.75,0,0
50,43,0.286794,0,0
50,44,0.481582,0,0
50,45,0.930034,0,0
50,46,0.997546,0,0
50,47,0.999955,0,0
50,53,0.750195,0,0
50,54,0.755137,0,0
50,59,0.739612,0,0.390924
50,64,0.25,0.201923,0.508505
50,65,0.25,0.245695,0.502586
50,67,0.25,0.0479192,0.535097
50,68,0.25,6.9872e-05,0.509455
50,69,0.25,0,0.500255
50,74,0.499698,0,0.72787
50,75,0.46037,0,0.719684
50,76,0.351493,0,0.746995
50,77,0.265301,0,0.767083
50,78,0.250656,0,0.833578
50,80,0.25,0,0.99978
50,81,0.25,0,1
50,86,0.5,0,0.25808
50,93,0,0,0.849908
50,94,0,0,0.777111
51,18,0.250001,0,0
51,19,0.251071,0,0
51,21,0.435001,0,0
51,22,0.499685,0,0
51,30,0.500194,0,0
51,31,0.530425,0,0
51,35,0.75,0,0
51,36,0.75,0,0
51,37,0.75,0,0
51,43,0.253748,0,0
51,46,0.998669,0,0
51,47,0.999993,0,0
51,48,0.996263,0,0
51,49,0.938604,0,0
51,52,0.75,0,0
51,53,0.750007,0,0
51,60,0.508678,0,0.512812
51,61,0.412945,0,0.590056
51,65,0.250135,0.15178,0.597945
51,66,0.25,0.0790934,0.667295
51,67,0.25,0.00314457,0.680109
51,75,0.484788,0,0.598511
51,76,0.412024,0,0.60547
51,77,0.322664,0,0.70687
51,78,0.29616,0,0.808724
51,79,0.272696,0,0.949626
51,87,0.49411,0,0.25
51,88,0.470742,0,0.25
51,92,0,0,0.97884
51,93,0,0,0.909493
52,17,0.25,0,0
52,18,0.251584,0,0
52,21,0.531554,0,0
52,22,0.520558,0,0
52,30,0.470499,0,0
52,31,0.478437,0,0
52,36,0.75,0,0
52,37,0.749984,0,0
52,38,0.741174,0,0
52,43,0.250918,0,0
52,47,0.999956,0,0
52,48,0.984428,0,0
52,49,0.891975,0,0
52,50,0.773143,0,0
52,51,0.750073,0,0
52,52,0.750547,0,0
52,61,0.367968,0,0.63187
52,62,0.269716,0,0.728115
52,63,0.273275,0,0.703371
52,64,0.302704,8.61504e-05,0.644503
52,65,0.306285,0.000864253,0.636566
52,66,0.253049,0.000231888,0.743572
52,67,0.25,0,0.746502
52,75,0.500641,0,0.516121
52,76,0.485313,0,0.527844
52,77,0.458882,0,0.62524
52,78,0.440267,0,0.756864
52,79,0.426481,0,0.838875
52,87,0.431414,0,0.25
52,88,0.370254,0,0.25
52,92,0.000125321,0,0.998619
52,93,0,0,0.975543
53,16,0.25,0,0
53,17,0.250115,0,0
53,20,0.692177,0,0
53,21,0.683334,0,0
53,22,0.621323,0,0
53,30,0.378564,0,0
53,31,0.398546,0,0
53,39,0.554027,0,0
53,40,0.508741,0,0
53,41,0.461758,0,0
53,42,0.318464,0,0
53,50,0.752075,0,0
53,51,0.751761,0,0
53,52,0.809176,0,0
53,62,0.349035,0,0.473556
53,63,0.364725,0,0.489014
53,64,0.386336,0,0.474988
53,65,0.43577,0,0.378411
53,75,0.556688,0,0.469958
53,76,0.505798,0,0.523596
53,77,0.50068,0,0.613632
53,78,0.51249,0,0.725676
53,79,0.580576,0,0.850426
53,80,0.69322,0,0.953838
53,88,0.273524,0,0.25
53,89,0.255093,0,0.250004
53,90,0.248614,0,0.255407
53,91,0.148642,0,0.554082
54,15,0.25,0,0
54,16,0.25,0,0
54,20,0.74883,0,0
54,21,0.739108,0,0
54,22,0.715811,0,0
54,30,0.278064,0,0
54,31,0.3023,0,0
54,40,0.500907,0,0
54,41,0.525564,0,0
54,42,0.600017,0,0
54,51,0.761084,0,0
54,52,0.90445,0,0
54,53,0.972486,0,0
54,54,0.999805,0,0
54,62,0.476606,0,0.103612
54,63,0.469897,0,0.175537
54,64,0.475792,0,0.247692
54,65,0.457142,0,0.334594
54,66,0.303716,0,0.642566
54,75,0.791697,0,0.352209
54,76,0.59923,0,0.468697
54,77,0.5127,0,0.639002
54,78,0.586402,0,0.815561
54,79,0.675488,0,0.925344
54,80,0.737135,0,0.987127
54,81,0.749961,0,0.999568
54,88,0.250075,0,0.250022
54,89,0.250008,0,0.250477
54,90,0.250006,0,0.251914
55,14,0.25,0,0
55,15,0.25,0,0
55,20,0.749998,0,0
55,21,0.749965,0,0
55,30,0.250283,0,0
55,41,0.598989,0,0
55,42,0.722971,0,0
55,43,0.74922,0,0
55,44,0.7494,0,0
55,45,0.722438,0,0
55,50,0.588611,0,0
55,51,0.695837,0,0
55,53,0.987197,0,0
55,54,0.999975,0,0
55,55,0.999979,0,0
55,56,0.988559,0,0
55,60,0.71023,0,0
55,61,0.620091,0,4.92898e-05
55,62,0.530268,0,0.0142229
55,63,0.500037,0,0.0709018
55,66,0.275654,0,0.69891
55,67,0.305646,0,0.72209
55,68,0.460571,0,0.644715
55,73,0.999369,0,0.25
55,74,0.995798,0,0.250587
55,77,0.781166,0,0.860129
55,78,0.820155,0,0.960752
55,79,0.788232,0,0.986391
55,80,0.758864,0,0.999031
55,81,0.750658,0,0.983471
55,82,0.75002,0,0.916348
55,89,0.250336,0,0.254219
55,90,0.262874,0,0.283356
56,14,0.250185,0,0
56,20,0.75,0,0
56,21,0.75,0,0
56,30,0.302503,0,0
56,41,0.712629,0,0
56,42,0.748809,0,0
56,45,0.641041,0,0
56,46,0.518133,0,0
56,47,0.50004,0,0
56,50,0.513299,0,0
56,51,0.584279,0,0
56,55,0.999879,0,0
56,56,0.97637,0,0
56,57,0.851779,0,0
56,58,0.732145,0,0
56,59,0.738921,0,0
56,60,0.733982,0,0
56,61,0.678226,0,0
56,69,0.686425,0,0.53084
56,70,0.749829,0,0.47593
56,71,0.757391,0,0.390258
56,73,0.999567,0,0.25
56,74,0.999451,0,0.25
56,78,0.963602,0,0.999884
56,79,0.91295,0,0.999962
56,80,0.826463,0,0.990915
56,81,0.761516,0,0.92258
56,82,0.750755,0,0.819234
56,83,0.757057,0,0.758151
56,90,0.343227,0,0.445263
57,14,0.291646,0,0
57,20,0.75,0,0
57,21,0.75,0,0
57,30,0.453571,0,0
57,41,0.749921,0,0
57,42,0.75,0,0
57,46,0.500779,0,0
57,47,0.5,0,0
57,48,0.5,0,0
57,49,0.5,0,0
57,50,0.498939,0,0
57,57,0.663871,0,0
57,58,0.658797,0,0
57,59,0.695078,0,0
57,60,0.771209,0,0
57,70,0.750022,0,0.394462
57,71,0.763127,0,0.289345
57,72,0.866539,0,0.250039
57,73,0.986663,0,0.25
57,78,0.994793,0,0.999012
57,79,0.978704,0,0.999676
57,80,0.921869,0,0.970176
57,81,0.804829,0,0.835368
57,82,0.767706,0,0.759353
57,83,0.799614,0,0.750246
57,91,0.492201,0,0.741021
58,14,0.416815,0,0
58,20,0.75,0,0
58,21,0.75,0,0
58,30,0.499725,0,0
58,41,0.749451,0,0
58,42,0.749891,0,0
58,49,0.49992,0,0
58,50,0.470613,0,0
58,51,0.35109,0,0
58,57,0.451885,0,0
58,58,0.481025,0,0
58,59,0.600367,0,0
58,60,0.86174,0,0
58,61,0.978461,0,0
58,62,0.998919,0,0
58,71,0.77341,0,0.212996
58,72,0.85694,0,0.23597
58,73,0.964631,0,0.249517
58,74,0.999819,0,0.277216
58,75,1,0,0.368716
58,80,0.979318,0,0.907298
58,81,0.852647,0,0.777151
58,82,0.839122,0,0.750747
58,83,0.889852,0,0.750001
58,84,0.962891,0,0.75
58,91,0.498837,0,0.764621
59,14,0.518207,0,0
59,20,0.75,0,0
59,21,0.75,0,0
59,30,0.5,0,0
59,41,0.636867,0,0
59,49,0.499383,0,0
59,50,0.417869,0,0
59,51,0.289003,0,0
59,52,0.250707,0,0
59,57,0.309673,0,0
59,58,0.317777,0,0
59,60,0.847038,0,0
59,61,0.999522,0,0
59,62,1,0,0
59,63,1,0,0
59,71,0.758457,0,0.137338
59,72,0.818183,0,0.16858
59,74,0.999926,0,0.311812
59,75,1,0,0.407275
59,76,1,0,0.485249
59,80,0.998875,0,0.623332
59,81,0.952482,0,0.713833
59,82,0.942911,0,0.749988
59,83,0.980592,0,0.75
59,84,0.997007,0,0.751979
59,91,0.499997,0,0.845331
59,92,0.5,0,0.885836
60,13,0.641352,0,0
60,20,0.75,0,0
60,21,0.75,0,0
60,30,0.5,0,0
60,41,0.335767,0,0
60,49,0.499848,0,0
60,53,0.250585,0,0
60,54,0.266241,0,0
60,57,0.25949,0,0
60,58,0.267062,0,0
60,62,1,0,0
60,63,1,0,0
60,64,1,0,0
60,65,1,0,0
60,66,1,0,0
60,71,0.750436,0,0.0461299
60,76,1,0,0.498902
60,77,1,0,0.500371
60,78,1,0,0.501259
60,79,1,0,0.505329
60,80,1,0,0.533512
60,81,0.999938,0,0.661576
60,82,0.999765,0,0.749723
60,83,0.999871,0,0.750087
60,84,0.964518,0,0.785482
60,85,0.845822,0,0.904178
60,92,0.5,0,0.978781
60,93,0.5,0,0.998836
61,13,0.790321,0,0
61,20,0.75,0,0
61,21,0.75,0,0
61,30,0.499796,0,0
61,41,0.250274,0,0
61,49,0.5,0,0
61,53,0.270456,0,0
61,54,0.318138,0,0
61,55,0.338334,0,0
61,56,0.312728,0,0
61,57,0.257053,0,0
61,58,0.250146,0,0
61,64,1,0,0
61,65,1,0,0
61,66,1,0,0
61,67,0.999672,0,0
61,70,0.750156,0,5.25152e-05
61,71,0.75,0,0.000250596
61,78,1,0,0.5
61,79,1,0,0.500297
61,80,1,0,0.529651
61,81,1,0,0.675769
61,82,1,0,0.74963
61,83,0.999558,0,0.75037
61,84,0.919666,0,0.829942
61,85,0.787758,0,0.962174
61,86,0.750811,0,0.999093
61,92,0.5,0,0.999942
61,93,0.5,0,1
62,13,0.905964,0,0
62,20,0.749747,0,0
62,21,0.749868,0,0
62,30,0.460337,0,0
62,40,0.25,0,0
62,41,0.25,0,0
62,48,0.5,0,0
62,49,0.5,0,0
62,55,0.441049,0,0
62,56,0.419126,0,0
62,57,0.288424,0,0
62,66,0.999985,0,0
62,67,0.992893,0,0
62,68,0.919084,0,0
62,69,0.786722,0,0
62,70,0.750178,0,0
62,82,0.998729,0,0.749921
62,83,0.973606,0,0.750073
62,84,0.884315,0,0.790822
62,85,0.761018,0,0.953464
62,86,0.711076,0,0.998653
62,92,0.5,0,1
62,93,0.5,0,1
63,13,0.973285,0,0
63,20,0.694048,0,0
63,21,0.711144,0,0
63,30,0.323718,0,0
63,40,0.250156,0,0
63,48,0.5,0,0
63,49,0.5,0,0
63,55,0.633956,0,0
63,56,0.653886,0,0
63,57,0.551824,0,0
63,58,0.440378,0,0
63,68,0.838527,0,0
63,69,0.759485,0,0
63,70,0.750019,0,0
63,71,0.750026,0,0
63,83,0.86074,0,0.75
63,84,0.779061,0,0.75134
63,85,0.709359,0,0.80608
63,86,0.481567,0,0.964225
63,87,0.33005,0,0.999912
63,91,0.499973,0,1
63,92,0.5,0,1
64,13,0.99984,0,0
64,20,0.542641,0,0
64,21,0.559218,0,0
64,29,0.250111,0,0
64,30,0.2505,0,0
64,40,0.335504,0,0
64,48,0.5,0,0
64,49,0.5,0,0
64,55,0.728913,0,0
64,56,0.739134,0,0
64,59,0.499976,0,0
64,60,0.5,0,0
64,61,0.5,0,0
64,69,0.728698,0,0
64,70,0.749188,0,0
64,71,0.750122,0,0
64,72,0.784451,0,0
64,73,0.9258,0,0
64,74,0.999528,0,0
64,84,0.750159,0,0.750342
64,85,0.685006,0,0.784406
64,86,0.413509,0,0.923712
64,87,0.256748,0,0.99958
64,88,0.250503,0,1
64,90,0.475889,0,1
64,91,0.499796,0,1
65,13,1,0,0
65,20,0.499632,0,0
65,21,0.500198,0,0
65,29,0.25,0,0
65,40,0.658016,0,0
65,48,0.499943,0,0
65,49,0.499807,0,0
65,55,0.749894,0,0
65,56,0.749936,0,0
65,61,0.5,0,0
65,62,0.5,0,0
65,63,0.5,0,0
65,68,0.586514,0,0
65,73,0.968575,0,0
65,74,0.99993,0,0
65,75,1,0,0
65,84,0.733705,0,0.766216
65,85,0.658779,0,0.822463
65,86,0.442433,0,0.944417
65,87,0.302644,0,0.999696
65,88,0.257575,0,1
65,89,0.281544,0,1
66,12,1,0,0
66,13,1,0,0
66,20,0.423085,0,0
66,21,0.451403,0,0
66,29,0.25,0,0
66,39,0.81322,0,0
66,40,0.831588,0,0
66,48,0.477673,0,0
66,49,0.4632,0,0
66,55,0.75,0,0
66,56,0.75,0,0
66,62,0.5,0,0
66,63,0.5,0,0
66,64,0.5,0,0
66,65,0.5,0,0
66,68,0.517778,0,0
66,74,1,0,0
66,75,1,0,0
66,76,1,0,0
66,77,1,0,0
66,85,0.576088,0,0.91983
66,86,0.479726,0,0.985342
66,87,0.411145,0,0.999955
66,88,0.29475,0,0.999959
66,89,0.251004,0,0.999814
67,12,1,0,0
67,13,1,0,0
67,20,0.289055,0,0
67,29,0.250325,0,0
67,39,0.910859,0,0
67,40,0.928024,0,0
67,48,0.328212,0,0
67,49,0.325413,0,0
67,55,0.75,0,0
67,56,0.75,0,0
67,65,0.5,0,0
67,66,0.5,0,0
67,67,0.49875,0,0
67,76,1,0,0
67,77,1,0,0
67,78,0.999965,0,3.50975e-05
67,79,0.977293,0,0.0227075
67,85,0.516084,0,0.982371
67,86,0.495611,0,0.999335
67,87,0.457874,0,0.999486
67,88,0.316702,0,0.984639
67,89,0.250305,0,0.971957
67,90,0.25004,0,0.974567
68,12,1,0,0
68,13,1,0,0
68,20,0.250204,0,0
68,29,0.30313,0,0
68,39,0.975503,0,0
68,40,0.988035,0,0
68,48,0.250345,0,0
68,49,0.25043,0,0
68,55,0.75,0,0
68,56,0.75,0,0
68,66,0.499641,0,0
68,67,0.424416,0,0
68,68,0.335586,0,0
68,77,1,0,0
68,78,0.99986,0,0.000139703
68,79,0.967299,0,0.0327012
68,80,0.832818,0,0.167848
68,81,0.750511,0,0.296387
68,86,0.499462,0,0.998706
68,87,0.461319,0,0.982097
68,88,0.28308,0,0.908659
68,89,0.250055,0,0.911224
68,90,0.25,0,0.895586
69,12,1,0,0
69,13,1,0,0
69,20,0.25,0,0
69,29,0.442872,0,0
69,39,0.999866,0,0
69,40,0.999973,0,0
69,48,0.25,0,0
69,55,0.75,0,0
69,56,0.75,0,0
69,66,0.499291,0,0
69,67,0.392982,0,0
69,69,0.250107,0,0
69,70,0.25,0,0
69,80,0.80435,0,0.214312
69,81,0.750084,0,0.359703
69,82,0.749702,0,0.421341
69,83,0.740743,0,0.481577
69,87,0.31097,0,0.689697
69,88,0.252224,0,0.778959
69,89,0.25,0,0.801364
69,90,0.25,0,0.791071
69,91,0.252811,0,0.772628
70,12,1,0,0
70,13,1,0,0
70,20,0.25,0,0
70,29,0.499699,0,0
70,39,1,0,0
70,40,1,0,0
70,48,0.25,0,0
70,55,0.75,0,0
70,56,0.75,0,0
70,66,0.49917,0,0
70,67,0.41724,0,0
70,69,0.250146,0,0
70,70,0.25,0,0
70,71,0.25,0,0
70,81,0.749959,0,0.426448
70,82,0.740171,0,0.478701
70,83,0.706202,0,0.499067
70,84,0.624324,0,0.49994
70,87,0.250084,0,0.523294
70,88,0.25,0,0.696102
70,89,0.25,0,0.750038
70,90,0.250074,0,0.75007
70,91,0.285438,0,0.714674
70,92,0.42806,0,0.571956
71,12,1,0,0
71,13,1,0,0
71,20,0.25,0,0
71,29,0.5,0,0
71,39,1,0,0
71,48,0.25,0,0
71,55,0.75,0,0
71,56,0.75,0,0
71,66,0.476429,0,0
71,67,0.463685,0,0
71,68,0.308789,0,0
71,71,0.250194,0,0
71,72,0.25,0,0
71,73,0.25,0,0
71,83,0.629755,0,0.457043
71,84,0.467423,0,0.464478
71,85,0.317275,0,0.493724
71,86,0.270633,0,0.499835
71,89,0.250324,0,0.749353
71,90,0.255294,0,0.749724
71,91,0.322181,0,0.689801
71,92,0.455427,0,0.552207
71,93,0.5221,0,0.523566
72,0,0.5,0,0
72,1,0.5,0,0
72,2,0.5,0,0
72,12,0.999944,0,0
72,13,0.999989,0,0
72,19,0.250146,0,0
72,20,0.250174,0,0
72,29,0.5,0,0
72,39,1,0,0
72,48,0.250056,0,0
72,55,0.75,0,0
72,56,0.75,0,0
72,64,0.252606,0,0
72,65,0.286909,0,0
72,68,0.447319,0,0
72,73,0.25,0,0
72,74,0.25,0,0
72,75,0.25,0,0
72,84,0.466566,0,0.358629
72,85,0.345819,0,0.453394
72,86,0.267955,0,0.492994
72,87,0.250434,0,0.536005
72,88,0.261314,0,0.700043
72,89,0.2856,0,0.749312
72,90,0.310205,0,0.749945
72,91,0.355096,0,0.718121
72,92,0.503671,0,0.581138
72,93,0.590295,0,0.594978
73,0,0.5,0,0
73,1,0.5,0,0
73,2,0.500073,0,0
73,12,0.988658,0,0
73,13,0.994675,0,0
73,19,0.282703,0,0
73,20,0.292096,0,0
73,29,0.500112,0,0
73,39,1,0,0
73,48,0.27594,0,0
73,55,0.75,0,0
73,56,0.75,0,0
73,62,0.25,0,0
73,63,0.25,0,0
73,64,0.250039,0,0
73,65,0.251345,0,0
73,68,0.499671,0,0
73,75,0.25,0,0
73,76,0.25,0,0
73,83,0.500038,0,0.263231
73,84,0.497852,0,0.278914
73,87,0.284083,0,0.581369
73,88,0.36346,0,0.743133
73,89,0.39905,0,0.749702
73,90,0.420513,0,0.749999
73,91,0.464862,0,0.748562
73,92,0.571567,0,0.702794
73,93,0.667604,0,0.684928
73,94,0.754774,0,0.754858
74,0,0.5,0,0
74,1,0.501013,0,0
74,12,0.918446,0,0
74,19,0.420415,0,0
74,20,0.452471,0,0
74,29,0.520983,0,0
74,38,0.988402,0,0
74,39,0.999292,0,0
74,48,0.422706,0,0
74,55,0.75,0,0
74,56,0.747772,0,0
74,60,0.253052,0,0
74,61,0.25,0,0
74,62,0.25,0,0
74,69,0.500072,0,0
74,70,0.500411,0,0
74,76,0.25,0,0
74,77,0.25,0,0
74,78,0.251573,0,0
74,82,0.5,0,0.242762
74,83,0.5,0,0.249847
74,89,0.474019,0,0.749983
74,90,0.489871,0,0.750929
74,91,0.523235,0,0.773767
74,92,0.604491,0,0.821593
74,93,0.776554,0,0.825472
74,94,0.886776,0,0.88759
74,95,0.915831,0,0.915821
75,0,0.500451,0,0
75,1,0.528431,0,0
75,12,0.779955,0,0
75,19,0.499361,0,0
75,20,0.499382,0,0
75,28,0.514889,0,0
75,29,0.581401,0,0
75,38,0.899875,0,0
75,47,0.502471,0,0
75,48,0.55359,0,0
75,54,0.75,0,0
75,55,0.74985,0,0
75,56,0.703587,0,0
75,59,0.423058,0,0
75,60,0.308396,0,0
75,61,0.250188,0,0
75,69,0.536661,0,0
75,70,0.570656,0,0
75,77,0.250054,0,0
75,78,0.280788,0,0
75,79,0.431911,0,0
75,82,0.499925,0,0.142942
75,83,0.499641,0,0.2389
75,91,0.612429,0,0.862429
75,92,0.695324,0,0.943611
75,93,0.824831,0,0.970241
75,94,0.943056,0,0.961351
75,95,0.975092,0,0.969185
76,0,0.522779,0,0
76,1,0.600103,0,0
76,2,0.712006,0,0
76,3,0.749391,0,0
76,4,0.781517,0,0
76,5,0.930752,0,0
76,6,0.999679,0,0
76,7,1,0,0
76,8,1,0,0
76,9,0.999665,0,0
76,10,0.936953,0,0
76,11,0.79501,0,0
76,12,0.75025,0,0
76,13,0.75022,0,0
76,14,0.749658,0,0
76,15,0.676509,0,0
76,16,0.541257,0,0
76,17,0.499659,0,0
76,18,0.488917,0,0
76,19,0.464625,0,0
76,20,0.451937,0,0
76,21,0.407731,0,0
76,22,0.272432,0,0
76,23,0.250025,0,0
76,24,0.250078,0,0
76,25,0.276838,0,0
76,26,0.416322,0,0
76,27,0.49035,0,0
76,28,0.537452,0,0
76,29,0.636375,0,0
76,30,0.726087,0,0
76,31,0.811318,0,0
76,32,0.953483,0,0
76,33,0.999843,0,0
76,34,0.999681,0,0
76,35,0.892673,0,0
76,36,0.569172,0,0
76,37,0.522122,0,0
76,38,0.566021,0,0
76,47,0.538509,0,0
76,54,0.75,0,0
76,55,0.749343,0,0
76,56,0.657016,0,0
76,57,0.530465,0,0
76,58,0.500037,0,0
76,60,0.382441,0,0
76,70,0.709556,0,0
76,79,0.469315,0,0
76,80,0.499386,0,3.53713e-06
76,81,0.499184,0,0.00266508
76,82,0.465705,0,0.061222
76,92,0.754033,0,0.983761
76,93,0.83049,0,0.955105
76,94,0.955508,0,0.935972
76,95,0.967878,0,0.903599
76,96,0.915041,0,0.777225
77,0,0.604807,0,0
77,1,0.672649,0,0
77,2,0.739827,0,0
77,3,0.750103,0,0
77,4,0.786543,0,0
77,5,0.941234,0,0
77,6,0.999771,0,0
77,7,1,0,0
77,19,0.341534,0,0
77,20,0.30342,0,0
77,21,0.278833,0,0
77,22,0.250827,0,0
77,23,0.25,0,0
77,24,0.250178,0,0
77,25,0.285383,0,0
77,26,0.405367,0,0
77,27,0.508123,0,0
77,28,0.586735,0,0
77,29,0.691552,0,0
77,30,0.750708,0,0
77,31,0.788884,0,0
77,32,0.955777,0,0
77,33,0.999885,0,0
77,34,0.999356,0,0
77,35,0.857809,0,0
77,36,0.570521,0,0
77,37,0.499862,0,0
77,38,0.426536,0,0
77,39,0.293336,0,0
77,40,0.250597,0,0
77,41,0.25,0,0
77,42,0.25,0,0
77,43,0.250275,0,0
77,44,0.298874,0,0
77,45,0.435558,0,0
77,46,0.500462,0,0
77,47,0.578449,0,0
77,48,0.699592,0,0
77,49,0.748405,0,0
77,50,0.75,0,0
77,51,0.75,0,0
77,52,0.75,0,0
77,53,0.75,0,0
77,54,0.75,0,0
77,55,0.749919,0,0
77,56,0.710499,0,0
77,57,0.541726,0,0
77,60,0.363592,0,0
77,61,0.25046,0,0
77,70,0.749782,0,0
77,71,0.749955,0,0
77,80,0.53683,0,4.38827e-05
77,81,0.496445,0,0.0204254
77,82,0.346651,0,0.156335
77,92,0.818532,0,0.931448
77,93,0.902037,0,0.849037
77,94,0.970509,0,0.78888
77,95,0.943823,0,0.728372
77,96,0.816822,0,0.462747
77,97,0.75159,0,0.292447
78,0,0.748535,0,0
78,1,0.749412,0,0
78,19,0.256622,0,0
78,20,0.250424,0,0
78,28,0.699838,0,0
78,29,0.759711,0,0
78,38,0.449138,0,0
78,47,0.539773,0,0
78,53,0.749925,0,0
78,54,0.749804,0,0
78,55,0.749819,0,0
78,61,0.25,0,0
78,71,0.75,0,0
78,72,0.75,0,0
78,80,0.679102,0,0.000235641
78,81,0.575062,0,0.0565591
78,82,0.306742,0,0.215466
78,83,0.250504,0,0.25011
78,84,0.250004,0,0.262223
78,93,0.977571,0,0.772078
78,94,0.993703,0,0.738341
78,95,0.945445,0,0.653239
78,96,0.8144,0,0.407805
78,97,0.750727,0,0.277599
78,98,0.750036,0,0.255612
79,0,0.903199,0,0
79,19,0.250011,0,0
79,20,0.25,0,0
79,28,0.902248,0,0
79,29,0.900941,0,0
79,38,0.494328,0,0
79,47,0.502415,0,0
79,54,0.697157,0,0
79,55,0.701909,0,0
79,61,0.25,0,0
79,62,0.25,0,0
79,71,0.75,0,0
79,72,0.75,0,0
79,79,0.749941,0,0
79,80,0.749582,0,4.60631e-05
79,81,0.688957,0,0.0304003
79,84,0.25,0,0.324638
79,85,0.25,0,0.398676
79,94,0.999745,0,0.710946
79,95,0.980655,0,0.658622
79,96,0.861089,0,0.397614
79,97,0.787171,0,0.264686
79,98,0.766999,0,0.250336
80,0,0.984194,0,0
80,19,0.25,0,0
80,20,0.25,0,0
80,28,0.987105,0,0
80,29,0.973029,0,0
80,38,0.5,0,0
80,47,0.450558,0,0
80,54,0.407184,0,0
80,55,0.436075,0,0
80,62,0.25,0,0
80,63,0.25,0,0
80,72,0.75,0,0
80,78,0.75,0,0
80,79,0.75,0,0
80,85,0.25,0,0.487554
80,86,0.25,0,0.397088
80,87,0.25,0,0.275681
80,88,0.250024,0,0.250513
80,94,1,0,0.636123
80,95,0.99871,0,0.521185
80,96,0.972894,0,0.341208
80,97,0.913834,0,0.273689
80,98,0.881098,0,0.250164
80,99,0.824739,0,0.25
81,0,0.999962,0,0
81,19,0.25,0,0
81,20,0.25,0,0
81,28,0.99997,0,0
81,29,0.999835,0,0
81,37,0.5,0,0
81,38,0.5,0,0
81,47,0.315656,0,0
81,54,0.250695,0,0
81,55,0.2512,0,0
81,62,0.25,0,0
81,63,0.25,0,0
81,73,0.75,0,0
81,76,0.75,0,0
81,77,0.75,0,0
81,78,0.75,0,0
81,85,0.251254,0,0.50086
81,86,0.25,0,0.434604
81,87,0.250384,0,0.31503
81,88,0.259122,0,0.259753
81,96,0.999709,0,0.308091
81,97,0.993452,0,0.262018
81,98,0.982935,0,0.250039
81,99,0.974685,0,0.25
82,0,1,0,0
82,19,0.25017,0,0
82,20,0.250078,0,0
82,28,1,0,0
82,29,1,0,0
82,37,0.500031,0,0
82,38,0.500163,0,0
82,47,0.250417,0,0
82,54,0.25,0,0
82,55,0.25,0,0
82,63,0.25,0,0
82,73,0.75,0,0
82,74,0.75,0,0
82,76,0.75,0,0
82,77,0.75,0,0
82,85,0.277289,0,0.527232
82,86,0.250119,0,0.47352
82,88,0.313376,0,0.275757
82,89,0.355735,0,0.250186
82,96,1,0,0.262109
82,97,0.999988,0,0.250407
82,98,0.999916,0,0.25
82,99,0.999789,0,0.25
83,0,1,0,0
83,1,1,0,0
83,19,0.281512,0,0
83,20,0.272376,0,0
83,28,1,0,0
83,29,1,0,0
83,37,0.512074,0,0
83,38,0.524868,0,0
83,47,0.25,0,0
83,54,0.25,0,0
83,55,0.25,0,0
83,64,0.25,0,0
83,74,0.75,0,0
83,75,0.75,0,0
83,76,0.75,0,0
83,83,0.499348,0,0.748886
83,84,0.466558,0,0.716558
83,89,0.466014,0,0.251793
83,90,0.580994,0,0.291369
83,97,0.999687,0,0.25
83,98,0.991752,0,0.25
83,99,0.973352,0,0.25
84,0,1,0,0
84,1,1,0,0
84,19,0.37783,0,0
84,20,0.359675,0,0
84,28,1,0,0
84,29,1,0,0
84,37,0.575509,0,0
84,38,0.596353,0,0
84,47,0.25,0,0
84,54,0.250166,0,0
84,55,0.25003,0,0
84,64,0.25,0,0
84,65,0.250021,0,0
84,74,0.75,0,0
84,75,0.75,0,0
84,82,0.5,0,0.691799
84,83,0.5,0,0.739225
84,89,0.583446,0,0.291772
84,90,0.790464,0,0.395232
84,98,0.904578,0,0.25
84,99,0.870478,0,0.25
85,0,1,0,0
85,1,1,0,0
85,19,0.49045,0,0
85,20,0.482812,0,0
85,28,1,0,0
85,29,1,0,0
85,37,0.6889,0,0
85,38,0.713104,0,0
85,47,0.25,0,0
85,54,0.274566,0,0
85,55,0.26197,0,0
85,65,0.259816,0,0
85,73,0.749158,0,0
85,74,0.75,0,0
85,75,0.75,0,0
85,80,0.5,0,0.44611
85,81,0.5,0,0.500006
85,82,0.5,0,0.594318
85,91,0.997989,0,0.499667
85,98,0.782823,0,0.251065
85,99,0.764052,0,0.25
86,0,1,0,0
86,1,1,0,0
86,19,0.592594,0,0
86,20,0.609236,0,0
86,28,1,0,0
86,29,1,0,0
86,37,0.749669,0,0
86,38,0.749903,0,0
86,47,0.25,0,0
86,54,0.373619,0,0
86,55,0.341245,0,0
86,65,0.329028,0,0
86,66,0.386098,0,0
86,73,0.734332,0,0
86,74,0.749967,0,0
86,75,0.749672,0,0
86,79,0.5,0,0.0471763
86,80,0.5,0,0.270768
86,81,0.5,0,0.449706
86,91,1,0,0.536214
86,98,0.750152,0,0.27345
86,99,0.750032,0,0.250063
87,0,1,0,0
87,1,1,0,0
87,19,0.70623,0,0
87,20,0.715453,0,0
87,28,0.999963,0,0
87,29,0.999799,0,0
87,37,0.75,0,0
87,38,0.75,0,0
87,46,0.25,0,0
87,47,0.25,0,0
87,54,0.483015,0,0
87,55,0.465113,0,0
87,66,0.483457,0,0
87,67,0.499343,0,0
87,71,0.490268,0,0
87,72,0.619632,0,0
87,76,0.661719,0,0
87,78,0.500109,0,0.000696682
87,79,0.5,0,0.00666674
87,92,0.999734,0,0.713542
87,93,0.992057,0,0.745559
87,96,0.750166,0,0.477834
87,97,0.75,0,0.401978
88,0,1,0,0
88,1,1,0,0
88,18,0.749953,0,0
88,19,0.749812,0,0
88,20,0.749877,0,0
88,28,0.985528,0,0
88,29,0.969808,0,0
88,37,0.75,0,0
88,38,0.75,0,0
88,46,0.25,0,0
88,47,0.25,0,0
88,54,0.5002,0,0
88,55,0.499895,0,0
88,66,0.499975,0,0
88,67,0.499912,0,0
88,70,0.337019,0,0
88,71,0.36697,0,0
88,76,0.541937,0,0
88,77,0.501428,0,0
88,92,0.992134,0,0.747413
88,93,0.951695,0,0.749854
88,94,0.87375,0,0.721649
88,95,0.765066,0,0.583725
89,0,1,0,0
89,1,1,0,0
89,18,0.749965,0,0
89,19,0.749802,0,0
89,20,0.749555,0,0
89,28,0.924428,0,0
89,29,0.897627,0,0
89,37,0.750012,0,0
89,38,0.750057,0,0
89,46,0.25,0,0
89,47,0.25,0,0
89,54,0.539936,0,0
89,55,0.523013,0,0
89,67,0.499242,0,0
89,69,0.292864,0,0
89,70,0.271221,0,0
89,76,0.500115,0,0
89,77,0.500002,0,3.99146e-06
89,93,0.867441,0,0.75
89,94,0.785736,0,0.748837
89,95,0.750706,0,0.716581
90,0,1,0,0
90,1,1,0,0
90,18,0.734643,0,0
90,19,0.708027,0,0
90,20,0.661908,0,0
90,28,0.81116,0,0
90,29,0.784908,0,0
90,37,0.755739,0,0
90,38,0.761921,0,0
90,46,0.25,0,0
90,47,0.25,0,0
90,54,0.6444,0,0
90,55,0.655725,0,0
90,68,0.398602,0,0
90,69,0.274111,0,0
90,78,0.502141,0,0.00428174
90,94,0.750056,0,0.75095
90,95,0.727318,0,0.772616
91,1,0.999785,0,0
91,18,0.665743,0,0
91,19,0.610729,0,0
91,20,0.535765,0,0
91,28,0.654971,0,0
91,37,0.802009,0,0
91,38,0.822773,0,0
91,46,0.25,0,0
91,47,0.25,0,0
91,54,0.749403,0,0
91,55,0.816204,0,0
91,68,0.274144,0,0
91,78,0.528326,0,0.0566529
91,79,0.558207,0,0.116415
91,94,0.726718,0,0.773282
91,95,0.648393,0,0.851607
92,1,0.960702,0,0
92,18,0.480197,0,0
92,19,0.490982,0,0
92,20,0.499483,0,0
92,28,0.53351,0,0
92,37,0.929881,0,0
92,38,0.956526,0,0
92,46,0.25,0,0
92,47,0.25,0,0
92,55,0.891008,0,0
92,56,0.97098,0,0
92,66,0.304471,0,0
92,67,0.267851,0,0
92,68,0.250815,0,0
92,69,0.25,0,0
92,78,0.722489,0,0.445031
92,79,0.829387,0,0.660188
92,96,0.45863,0,0.989745
93,1,0.826639,0,0
93,18,0.317245,0,0
93,19,0.369199,0,0
93,20,0.453016,0,0
93,28,0.500069,0,0
93,37,0.99964,0,0
93,38,0.999867,0,0
93,46,0.25,0,0
93,47,0.25,0,0
93,55,0.9705,0,0
93,56,0.998709,0,0
93,66,0.401567,0,0
93,67,0.331447,0,0
93,69,0.250077,0,0
93,79,0.967432,0,0.947084
93,96,0.346638,0,0.99962
93,97,0.319866,0,0.999969
94,1,0.750423,0,0
94,18,0.261771,0,0
94,19,0.283724,0,0
94,20,0.328588,0,0
94,28,0.499817,0,0
94,37,1,0,0
94,38,1,0,0
94,46,0.25,0,0
94,47,0.25,0,0
94,55,0.999856,0,0
94,56,1,0,0
94,64,0.501203,0,0
94,65,0.499379,0,0
94,66,0.482371,0,0
94,69,0.250583,0,0
94,70,0.25,0,0
94,80,0.748242,0,0.74812
94,97,0.264734,0,0.985676
95,1,0.749982,0,0
95,18,0.250029,0,0
95,19,0.250189,0,0
95,20,0.250699,0,0
95,28,0.455143,0,0
95,37,1,0,0
95,38,1,0,0
95,46,0.25,0,0
95,47,0.25,0,0
95,55,1,0,0
95,56,1,0,0
95,64,0.525956,0,0
95,65,0.500054,0,0
95,70,0.25,0,0
95,80,0.553121,0,0.553121
95,81,0.508855,0,0.508855
95,97,0.250032,0,0.931983
95,98,0.25,0,0.981822
96,1,0.739552,0,0
96,18,0.25,0,0
96,19,0.25,0,0
96,20,0.25,0,0
96,28,0.310697,0,0
96,37,1,0,0
96,38,1,0,0
96,46,0.25,0,0
96,47,0.25,0,0
96,55,1,0,0
96,56,1,0,0
96,57,1,0,0
96,62,0.743207,0,0
96,63,0.693874,0,0
96,64,0.575125,0,0
96,71,0.25,0,0
96,80,0.503354,0,0.503354
96,81,0.501345,0,0.500454
96,95,0.250383,0,0.66213
96,96,0.25,0,0.730529
96,97,0.25,0,0.83804
96,98,0.25,0,0.917626
96,99,0.25,0,0.998824
97,1,0.669254,0,0
97,2,0.633087,0,0
97,18,0.25,0,0
97,19,0.25,0,0
97,28,0.250335,0,0
97,37,1,0,0
97,46,0.25,0,0
97,47,0.25,0,0
97,55,1,0,0
97,56,1,0,0
97,57,1,0,0
97,58,0.999323,0,0
97,61,0.760405,0,0
97,62,0.807226,0,0
97,63,0.85581,0,0
97,71,0.25,0,0
97,72,0.25,0,0
97,82,0.5,0,0.372579
97,92,0.501287,0,0.751287
97,93,0.472579,0,0.722637
97,94,0.361091,0,0.639453
97,95,0.258235,0,0.643531
97,99,0.25,0,0.999713
98,1,0.557957,0,0
98,2,0.528068,0,0
98,18,0.25,0,0
98,19,0.25,0,0
98,28,0.25,0,0
98,37,1,0,0
98,46,0.25,0,0
98,47,0.25,0,0
98,55,1,0,0
98,57,1,0,0
98,58,0.999901,0,0
98,60,0.837536,0,0
98,61,0.869572,0,0
98,62,0.940263,0,0
98,71,0.25,0,0
98,72,0.25,0,0
98,82,0.5,0,0.275132
98,83,0.5,0,0.251121
98,91,0.630022,0,0.880022
98,92,0.529635,0,0.779635
98,93,0.483713,0,0.733713
99,2,0.500079,0,0
99,18,0.25,0,0
99,19,0.25,0,0
99,28,0.25,0,0
99,37,1,0,0
99,46,0.25,0,0
99,47,0.25,0,0
99,55,1,0,0
99,57,1,0,0
99,58,1,0,0
99,59,0.997984,0,0
99,60,0.948339,0,0
99,61,0.968309,0,0
99,62,0.993281,0,0
99,63,0.99969,0,0
99,72,0.25,0,0
99,73,0.25,0,0
99,82,0.5,0,0.250085
99,83,0.5,0,0.25
99,89,0.75,0,1
99,90,0.748821,0,0.998821
99,91,0.716361,0,0.966361
